book_id,title,author,genre,language,format,rating,total_downloads,page_count,publication_year,price,source
B0001,AI Revolution Voice,Sujatha Rangarajan,Technology,Tamil,Audiobook,3.7,931.0,357.0,2009.0,170.86,dataset_1
B0002,The Ancient Dusk,Agatha Christie,History,English,Paperback,4.9,330.0,310.0,1999.0,339.25,dataset_1
B0003,Shadows in Wind,Unknown Author,Mystery,Tamil,Paperback,4.3,320.0,312.0,2007.0,268.25,dataset_1
B0004,Shadows of Story,Yashpal,Fiction,Hindi,Paperback,4.3,167.0,287.0,1998.0,316.3,dataset_1
B0005,Habits of Gold,Durjoy Datta,Self Help,English,Ebook,4.1,543.0,241.0,2007.0,63.56,dataset_1
B0006,The Promise Dreams,Girish Karnad,Romance,Kannada,Ebook,4.5,194.0,503.0,2016.0,110.67,dataset_1
B0007,My Journey World,Gudipati Venkatachalam,Biography,Telugu,Audiobook,3.3,212.0,357.0,2007.0,281.68,dataset_1
B0008,The Wizard Star,Ashwin Sanghi,Fantasy,English,Ebook,4.0,1715.0,594.0,2020.0,192.4,dataset_1
B0009,Dark Secrets Night,O. V. Vijayan,Thriller,Malayalam,Audiobook,3.8,1009.0,357.0,2007.0,385.06,dataset_1
B0010,The Conspiracy Wind,Girish Karnad,Thriller,Kannada,Ebook,4.2,2269.0,412.0,2019.0,227.52,dataset_1
B0011,Clues to Legend,Yandamoori Veerendranath,Mystery,Telugu,Audiobook,4.9,92.0,357.0,2024.0,257.57,dataset_1
B0012,Zero to One Dawn,Viswanatha Satyanarayana,Business,Telugu,Audiobook,4.1,1113.0,357.0,1992.0,267.31,dataset_1
B0013,Forever Star,Agatha Christie,Romance,English,Ebook,4.7,24672.0,552.0,2000.0,134.49,dataset_1
B0014,The Wizard Rain,Pattukkottai Prabhakar,Fantasy,Tamil,Audiobook,3.2,627.0,357.0,1997.0,153.93,dataset_1
B0015,The Enchanted Dreams,Kamala Das,,Malayalam,Audiobook,3.4,3778.0,357.0,2002.0,364.76,dataset_1
B0016,Beyond the Mountain,Jayakanthan,Fiction,Tamil,Audiobook,3.2,3729.0,357.0,2018.0,290.22,dataset_1
B0017,Shadows of Soul,Masti Venkatesha Iyengar,Fiction,Kannada,Paperback,4.1,4015.0,124.0,2000.0,738.58,dataset_1
B0018,The Wizard Night,Girish Karnad,Fantasy,Kannada,Ebook,3.8,1408.0,396.0,2018.0,107.76,dataset_1
B0019,The Silent Rain,Kamala Das,Thriller,Malayalam,Paperback,4.0,2563.0,590.0,2024.0,665.22,dataset_1
B0020,The Enchanted Rain,Paulo Coelho,Fantasy,English,Ebook,3.2,3129.0,86.0,2005.0,226.43,dataset_1
B0021,Dark Secrets Night,Ruskin Bond,,English,Paperback,4.3,2844.0,117.0,1999.0,697.68,dataset_1
B0022,Atomic Way,Rachakonda Viswanatha Sastriulu,Self Help,Telugu,Ebook,4.3,205.0,261.0,2019.0,15000.0,dataset_1
B0023,The Conspiracy Sun,Vivek,Thriller,Tamil,Paperback,3.1,84.0,517.0,1994.0,304.98,dataset_1
B0024,Shadows of River,Masti Venkatesha Iyengar,Fiction,Kannada,Ebook,3.4,106.0,139.0,1996.0,164.27,dataset_1
B0025,The Great Truth,Yuval Noah Harari,History,English,Ebook,3.9,731.0,404.0,2006.0,155.08,dataset_1
B0026,The Great Silence,James Clear,History,English,Ebook,4.0,2672.0,264.0,2004.0,191.72,dataset_1
B0027,The Great Wind,Kalki Krishnamurthy,History,Tamil,Ebook,3.4,209.0,504.0,2016.0,59.1,dataset_1
B0028,Deadly Game Moon,Yandamoori Veerendranath,Thriller,Telugu,Ebook,3.1,4385.0,387.0,2022.0,160.0,dataset_1
B0029,A Life in Dreams,M. V. Venkatram,Biography,Tamil,Ebook,4.075,516.0,278.0,2011.0,216.77,dataset_1
B0030,The Tech Path,Durjoy Datta,Technology,English,Audiobook,4.3,523.0,357.0,2011.0,238.74,dataset_1
B0031,Scale Up Voice,Paul Zacharia,Business,Malayalam,Ebook,3.6,312.0,99.0,2003.0,165.48,dataset_1
B0032,Deadly Game Sun,O. V. Vijayan,Thriller,Malayalam,Paperback,3.1,64.0,464.0,2024.0,689.68,dataset_1
B0033,The Wizard Wind,Unknown Author,Fantasy,English,Audiobook,3.6,1546.0,357.0,2007.0,224.16,dataset_1
B0034,A Thousand Truth,Balakumaran,Romance,Tamil,Audiobook,3.4,14314.0,357.0,1992.0,333.34,dataset_1
B0035,Code and Story,James Clear,Technology,English,Ebook,3.7,998.0,575.0,2023.0,112.07,dataset_1
B0036,Dark Secrets Mountain,Gudipati Venkatachalam,Thriller,Telugu,Ebook,3.1,68.0,476.0,2023.0,73.17,dataset_1
B0037,The Conspiracy Blood,Ramanichandran,Thriller,Tamil,Paperback,3.1,3535.0,399.0,1991.0,504.29,dataset_1
B0038,Hidden Truth Heart,Kamala Das,Thriller,Malayalam,Ebook,4.5,95.0,200.0,2007.0,79.86,dataset_1
B0039,Hidden Truth Mind,Unknown Author,Thriller,Tamil,Audiobook,4.1,178.0,357.0,1999.0,382.98,dataset_1
B0040,A Life in Rain,Stephen King,Biography,English,Ebook,3.1,767.0,109.0,2020.0,230.66,dataset_1
B0041,The Last Silence,Yuval Noah Harari,Fiction,English,Ebook,4.7,1318.0,536.0,2012.0,112.49,dataset_1
B0042,The Innovator Path,Kuvempu,Business,Kannada,Audiobook,3.2,241.0,357.0,2019.0,129.18,dataset_1
B0043,Dark Secrets Wind,Vikram Seth,Thriller,English,Paperback,4.8,723.0,344.0,2007.0,374.45,dataset_1
B0044,The Power of Storm,S. L. Bhyrappa,Self Help,Kannada,Paperback,3.2,3205.0,570.0,2019.0,692.04,dataset_1
B0045,Final Hour Moon,Indira Soundarajan,Thriller,Tamil,Audiobook,3.2,3937.0,357.0,1994.0,337.73,dataset_1
B0046,Love in Storm,Dale Carnegie,Romance,English,Audiobook,4.075,7166.0,357.0,2003.0,344.17,dataset_1
B0047,Kingdom of Voice,Gudipati Venkatachalam,Fantasy,Telugu,Audiobook,4.3,19228.0,357.0,2021.0,134.3,dataset_1
B0048,The Enchanted Light,Sandilyan,Fantasy,Tamil,Ebook,4.2,3695.0,468.0,2010.0,148.86,dataset_1
B0049,The Power of Star,Rajesh Kumar,Self Help,Tamil,Paperback,3.3,792.0,232.0,2018.0,471.88,dataset_1
B0050,The Secret of Secret,Stephen King,Mystery,English,Ebook,4.6,3979.0,391.0,2007.0,193.56,dataset_1
B0051,The Tech Wind,Yashpal,Technology,Hindi,Audiobook,4.075,2208.0,357.0,1993.0,210.77,dataset_1
B0052,Heart of Wind,Ramanichandran,Romance,Tamil,Paperback,3.6,2343.0,111.0,2005.0,402.2,dataset_1
B0053,Realm of Story,J. K. Rowling,Fantasy,English,Paperback,4.3,1430.0,566.0,1998.0,231.76,dataset_1
B0054,Unsolved Dreams,O. V. Vijayan,Mystery,Malayalam,Paperback,3.1,279.0,96.0,1999.0,-50.0,dataset_1
B0055,Whispers of Blood,Unknown Author,Romance,English,Paperback,4.6,234.0,515.0,2001.0,418.08,dataset_1
B0056,Shadows in Dreams,Rachakonda Viswanatha Sastriulu,Mystery,Telugu,Ebook,4.2,947.0,322.0,2022.0,103.85,dataset_1
B0057,Data and Mind,Malcolm Gladwell,Technology,English,Ebook,3.2,1371.0,573.0,1995.0,78.42,dataset_1
B0058,Mindset for Blood,Munshi Premchand,Self Help,Hindi,Paperback,4.2,395.0,331.0,2020.0,541.46,dataset_1
B0059,The Power of Blood,Unknown Author,Self-Help,Kannada,Audiobook,3.7,2069.0,357.0,1990.0,240.66,dataset_1
B0060,Forever Way,Jhumpa Lahiri,Romance,English,Paperback,4.075,24863.0,391.0,2006.0,142.99,dataset_1
B0061,The Riddle Legend,Mallika Manivannan,Mystery,Tamil,Ebook,3.1,80.0,576.0,1995.0,75.36,dataset_1
B0062,Echoes from Dreams,Yandamoori Veerendranath,Fiction,Telugu,Ebook,4.5,2626.0,258.0,1999.0,181.83,dataset_1
B0063,Hidden Truth Wind,Jayakanthan,Thriller,Tamil,Paperback,3.1,993.0,166.0,1999.0,516.88,dataset_1
B0064,Zero to One Voice,Rachakonda Viswanatha Sastriulu,Business,Telugu,Paperback,3.9,2155.0,251.0,2003.0,504.43,dataset_1
B0065,Zero to One Rain,Sujatha Rangarajan,Business,Tamil,Ebook,3.8,574.0,388.0,2020.0,199.23,dataset_1
B0066,Unbroken Path,Malcolm Gladwell,Biography,English,Ebook,4.1,880.0,525.0,1990.0,107.76,dataset_1
B0067,The Life of Gold,Amish Tripathi,Biography,English,Ebook,4.1,1331.0,442.0,2017.0,172.1,dataset_1
B0068,The Art of Rain,M. V. Venkatram,Self Help,Tamil,Ebook,4.5,697.0,327.0,2002.0,153.99,dataset_1
B0069,The Power of Fire,Munshi Premchand,Self Help,Hindi,Ebook,3.2,112.0,357.0,2018.0,120.3,dataset_1
B0070,Habits of Blood,M. V. Venkatram,Self-Help,Tamil,Ebook,4.7,772.0,204.0,1997.0,67.28,dataset_1
B0071,The Dragon River,Ruskin Bond,Fantasy,English,Paperback,6.5,131.0,381.0,2019.0,562.33,dataset_1
B0072,Echoes from Way,Stephen King,Fiction,English,Paperback,4.6,2921.0,363.0,1993.0,367.96,dataset_1
B0073,The Silent Storm,T. Janakiraman,Thriller,Tamil,Paperback,5.0,66.0,357.0,2015.0,224.91,dataset_1
B0074,Heart of Gold,Rajesh Kumar,Romance,Tamil,Paperback,4.075,5130.0,345.0,1996.0,124.4,dataset_1
B0075,Shadows of Silence,Kuvempu,Fiction,Kannada,Paperback,4.3,2088.0,118.0,2014.0,286.51,dataset_1
B0076,The Art of Fire,Vaikom Muhammad Basheer,Self-Help,Malayalam,Audiobook,3.8,2100.0,357.0,1994.0,262.04,dataset_1
B0077,The Last Gold,Yashpal,Fiction,Hindi,Paperback,5.0,50.0,421.0,2009.0,380.43,dataset_1
B0078,The Dragon Sun,Mahadevi Varma,Fantasy,Hindi,Ebook,3.9,669.0,376.0,2002.0,85.32,dataset_1
B0079,Beyond the River,Preeti Shenoy,Fiction,English,Ebook,3.7,6187.0,166.0,2018.0,197.06,dataset_1
B0080,Dreams of Light,T. Janakiraman,Fiction,Tamil,Paperback,4.075,503.0,395.0,2021.0,473.76,dataset_1
B0081,Start with Why Moon,Amish Tripathi,Business,English,Paperback,4.4,217.0,495.0,1997.0,248.17,dataset_1
B0082,Atomic Gold,Robin Sharma,Self Help,English,Paperback,3.1,421.0,224.0,2021.0,557.68,dataset_1
B0083,The Missing Way,O. V. Vijayan,Mystery,Malayalam,Ebook,4.3,989.0,394.0,1996.0,141.24,dataset_1
B0084,The Last Moon,Malcolm Gladwell,Fiction,English,Paperback,4.2,305.0,144.0,2002.0,398.35,dataset_1
B0085,The Innovator Path,Yashpal,Business,Hindi,Audiobook,3.6,6979.0,357.0,2003.0,329.27,dataset_1
B0086,Kingdom of River,Indira Soundarajan,Fantasy,Tamil,Ebook,3.7,995.0,248.0,2018.0,98.73,dataset_1
B0087,Kingdom of Dreams,Indira Soundarajan,Fantasy,Tamil,Paperback,4.8,476.0,162.0,2007.0,105.06,dataset_1
B0088,Data and Path,Kuvempu,Technology,Kannada,Audiobook,3.4,155.0,357.0,2007.0,25000.0,dataset_1
B0089,The Riddle Storm,Harivansh Rai Bachchan,Mystery,Hindi,Audiobook,4.2,2268.0,357.0,2009.0,204.36,dataset_1
B0090,The Last Mind,Kalki Krishnamurthy,,Tamil,Ebook,4.7,2191.0,599.0,2004.0,142.84,dataset_1
B0091,The Wizard Wind,Jayakanthan,Fantasy,Tamil,Ebook,4.9,334.0,565.0,2021.0,85.26,dataset_1
B0092,Mindset for Moon,Ramanichandran,Self Help,Tamil,Audiobook,4.8,50.0,357.0,1992.0,131.33,dataset_1
B0093,The Lost Light,James Clear,Fiction,English,Ebook,4.8,2030.0,535.0,2010.0,133.81,dataset_1
B0094,The Life of Mystery,O. V. Vijayan,Biography,Malayalam,Ebook,4.5,828.0,357.0,2014.0,228.27,dataset_1
B0095,The Last Rain,R. K. Narayan,Fiction,English,Ebook,3.4,1815.0,462.0,1998.0,141.55,dataset_1
B0096,Final Hour Secret,Amish Tripathi,Thriller,English,Ebook,3.1,20656.0,219.0,1997.0,220.33,dataset_1
B0097,Unsolved Moon,M. V. Venkatram,Mystery,Tamil,Ebook,4.6,1053.0,254.0,2004.0,67.29,dataset_1
B0098,Start with Why Dreams,Paulo Coelho,Business,English,Paperback,4.5,507.0,332.0,2005.0,329.11,dataset_1
B0099,The Dragon Fire,Paul Zacharia,Fantasy,Malayalam,Audiobook,5.0,196.0,357.0,2020.0,320.04,dataset_1
B0100,Whispers of Storm,Unknown Author,Romance,English,Ebook,3.5,686.0,92.0,2016.0,239.99,dataset_1
B0101,Beyond the Truth,T. Janakiraman,Fiction,Tamil,Audiobook,3.3,1395.0,357.0,1991.0,392.93,dataset_1
B0102,The Secret of Silence,Pattukkottai Prabhakar,Mystery,Tamil,Paperback,3.9,1187.0,81.0,1994.0,369.42,dataset_1
B0103,Mindset for Secret,Yuval Noah Harari,Self Help,English,Ebook,4.6,14547.0,357.0,2011.0,197.15,dataset_1
B0104,Dreams of Mind,Munshi Premchand,Fiction,Hindi,Audiobook,3.9,2318.0,357.0,2013.0,209.93,dataset_1
B0105,Magic of Mystery,Girish Karnad,Fantasy,Kannada,Audiobook,4.1,895.0,357.0,2020.0,9999.0,dataset_1
B0106,Unbroken Mind,O. V. Vijayan,Biography,Malayalam,Paperback,4.8,379.0,595.0,2017.0,294.0,dataset_1
B0107,Dreams of River,Kalki Krishnamurthy,,Tamil,Audiobook,4.1,1635.0,357.0,2008.0,235.59,dataset_1
B0108,Dark Secrets Blood,S. L. Bhyrappa,Thriller,Kannada,Audiobook,4.8,281.0,357.0,1995.0,217.2,dataset_1
B0109,Beyond the Path,Munshi Premchand,Fiction,Hindi,Ebook,4.0,1436.0,289.0,2023.0,240.42,dataset_1
B0110,Echoes from Fire,Malcolm Gladwell,Fiction,English,Audiobook,-2.0,2278.0,357.0,1991.0,187.46,dataset_1
B0111,Dreams of Secret,Kamala Das,,Malayalam,Ebook,3.7,792.0,414.0,2021.0,168.67,dataset_1
B0112,Atomic Moon,Yandamoori Veerendranath,Self Help,Telugu,Audiobook,3.5,426.0,357.0,2013.0,391.22,dataset_1
B0113,A Life in Gold,Jayakanthan,Biography,Tamil,Ebook,3.3,50.0,372.0,2001.0,244.64,dataset_1
B0114,The Lean Night,Girish Karnad,Business,Kannada,Audiobook,5.0,6098.0,357.0,1998.0,232.27,dataset_1
B0115,Dark Secrets Mind,Ramanichandran,Thriller,Tamil,Paperback,3.9,2008.0,246.0,2024.0,311.09,dataset_1
B0116,AI Revolution Path,Paulo Coelho,Technology,English,Audiobook,4.075,2082.0,357.0,2024.0,392.68,dataset_1
B0117,Final Hour Path,Masti Venkatesha Iyengar,Thriller,Kannada,Audiobook,4.6,105.0,357.0,2018.0,201.61,dataset_1
B0118,Echoes from Dreams,Preeti Shenoy,Fiction,English,Ebook,3.8,8688.0,305.0,2018.0,121.48,dataset_1
B0119,Dark Secrets Dreams,Arundhati Roy,Thriller,English,Ebook,3.2,545.0,536.0,1995.0,245.17,dataset_1
B0120,The Riddle Mind,Amish Tripathi,Mystery,English,Audiobook,3.8,711.0,357.0,2017.0,210.89,dataset_1
B0121,Hidden Truth Light,Pattukkottai Prabhakar,Thriller,Tamil,Ebook,3.4,220.0,534.0,2016.0,210.74,dataset_1
B0122,Dark Secrets Sun,Rachakonda Viswanatha Sastriulu,Thriller,Telugu,Paperback,4.2,75.0,168.0,1999.0,245.45,dataset_1
B0123,Clues to Light,Paul Zacharia,,Malayalam,Paperback,3.0,6223.0,359.0,2016.0,222.43,dataset_1
B0124,The Secret of Dusk,Agatha Christie,Mystery,English,Paperback,4.0,7554.0,389.0,2009.0,445.87,dataset_1
B0125,Habits of Storm,Rajesh Kumar,Self Help,Tamil,Paperback,3.2,855.0,374.0,2016.0,225.56,dataset_1
B0126,The Digital Legend,Malcolm Gladwell,Technology,English,Ebook,4.5,395.0,572.0,2017.0,223.67,dataset_1
B0127,The Wizard Secret,James Clear,Fantasy,English,Audiobook,3.0,622.0,357.0,2000.0,274.5,dataset_1
B0128,Echoes from Mind,Amish Tripathi,Fiction,English,Audiobook,3.8,649.0,357.0,1993.0,186.96,dataset_1
B0129,Heart of Legend,Harivansh Rai Bachchan,Romance,Hindi,Audiobook,4.5,181.0,357.0,2010.0,361.73,dataset_1
B0130,The Lean Dusk,U. R. Ananthamurthy,Business,Kannada,Ebook,4.2,707.0,227.0,1990.0,77.39,dataset_1
B0131,The Silent Story,Gudipati Venkatachalam,Thriller,Telugu,Audiobook,3.3,1379.0,357.0,2002.0,338.53,dataset_1
B0132,The Promise Star,Masti Venkatesha Iyengar,Romance,Kannada,Paperback,4.6,5050.0,507.0,2019.0,-120.0,dataset_1
B0133,Echoes from Path,Subha,Fiction,Tamil,Ebook,4.6,1120.0,430.0,2001.0,191.98,dataset_1
B0134,Beyond the Mystery,Gudipati Venkatachalam,Fiction,Telugu,Ebook,3.6,103.0,294.0,1998.0,246.22,dataset_1
B0135,Clues to Night,Rachakonda Viswanatha Sastriulu,Mystery,Telugu,Ebook,3.4,1863.0,113.0,2022.0,168.64,dataset_1
B0136,The Missing Moon,M. T. Vasudevan Nair,Mystery,Malayalam,Ebook,3.2,747.0,290.0,2002.0,86.96,dataset_1
B0137,Deadly Game Mind,M. V. Venkatram,Thriller,Tamil,Paperback,3.3,8566.0,357.0,2005.0,453.44,dataset_1
B0138,Echoes from Way,Unknown Author,Fiction,Telugu,Paperback,4.8,9359.0,84.0,1996.0,746.96,dataset_1
B0139,The Tech Voice,O. V. Vijayan,Technology,Malayalam,Audiobook,4.9,9864.0,357.0,2012.0,394.39,dataset_1
B0140,The Missing Rain,Stephen King,Mystery,English,Audiobook,3.2,472.0,357.0,2021.0,328.68,dataset_1
B0141,The Art of Legend,Jhumpa Lahiri,Self Help,English,Ebook,4.5,21693.0,534.0,2004.0,160.78,dataset_1
B0142,Final Hour Mind,Vaikom Muhammad Basheer,Thriller,Malayalam,Ebook,10.0,1856.0,583.0,2007.0,129.27,dataset_1
B0143,Heart of Mountain,Masti Venkatesha Iyengar,Romance,Kannada,Ebook,4.9,12576.0,252.0,1994.0,-10.0,dataset_1
B0144,The Conspiracy Mountain,Balakumaran,Thriller,Tamil,Paperback,4.0,515.0,359.0,2015.0,349.27,dataset_1
B0145,The Power of World,Suryakant Tripathi Nirala,Self-Help,Hindi,Paperback,3.5,700.0,589.0,2004.0,539.86,dataset_1
B0146,The Lost Way,Rajesh Kumar,Fiction,Tamil,Ebook,3.8,1654.0,414.0,1999.0,110.55,dataset_1
B0147,The Enchanted Story,Rachakonda Viswanatha Sastriulu,Fantasy,Telugu,Audiobook,3.6,1377.0,357.0,2021.0,251.44,dataset_1
B0148,Whispers of Blood,Viswanatha Satyanarayana,Romance,Telugu,Audiobook,4.8,7202.0,357.0,2018.0,194.37,dataset_1
B0149,Final Hour Way,Jhumpa Lahiri,Thriller,English,Ebook,4.0,774.0,217.0,2009.0,193.14,dataset_1
B0150,A Thousand Secret,Rajesh Kumar,,Tamil,Audiobook,3.9,6291.0,357.0,2000.0,252.01,dataset_1
B0151,The Secret of Heart,Dan Brown,Mystery,English,Paperback,3.1,3289.0,126.0,1998.0,685.85,dataset_1
B0152,The Conspiracy World,U. R. Ananthamurthy,Thriller,Kannada,Ebook,3.9,796.0,445.0,2016.0,120.25,dataset_1
B0153,Think and World,Kalki Krishnamurthy,Self-Help,Tamil,Audiobook,3.7,2927.0,357.0,2024.0,197.84,dataset_1
B0154,The Missing River,Kamala Das,Mystery,Malayalam,Audiobook,3.9,539.0,357.0,2010.0,213.32,dataset_1
B0155,The Secret of Storm,R. K. Narayan,,English,Paperback,4.0,37246.0,427.0,2000.0,530.38,dataset_1
B0156,Hidden Truth Story,Ashwin Sanghi,Thriller,English,Audiobook,3.6,50.0,357.0,2009.0,398.87,dataset_1
B0157,Shadows in World,Pattukkottai Prabhakar,Mystery,Tamil,Paperback,4.2,3009.0,359.0,1994.0,496.5,dataset_1
B0158,A Thousand Moon,Jhumpa Lahiri,Romance,English,Ebook,3.6,77.0,400.0,2002.0,132.86,dataset_1
B0159,Final Hour River,Chetan Bhagat,Thriller,English,Audiobook,4.0,781.0,357.0,2021.0,163.89,dataset_1
B0160,Chronicles of Wind,Masti Venkatesha Iyengar,History,Kannada,Audiobook,4.5,964.0,357.0,1993.0,256.68,dataset_1
B0161,The Conspiracy Fire,Sandilyan,Thriller,Tamil,Ebook,3.6,10524.0,145.0,2003.0,219.19,dataset_1
B0162,The Conspiracy Mystery,Balakumaran,Thriller,Tamil,Ebook,3.2,388.0,276.0,1991.0,99.12,dataset_1
B0163,Zero to One Way,Amish Tripathi,Business,English,Audiobook,3.5,7801.0,357.0,2006.0,336.9,dataset_1
B0164,The Silent Night,Malcolm Gladwell,Thriller,English,Audiobook,4.7,187.0,357.0,2010.0,280.48,dataset_1
B0165,Good to Great Sun,M. T. Vasudevan Nair,Business,Malayalam,Audiobook,7.3,8266.0,357.0,2005.0,133.58,dataset_1
B0166,Think and Storm,Yashpal,Self Help,Hindi,Audiobook,4.8,538.0,357.0,1997.0,331.96,dataset_1
B0167,The Conspiracy Story,Gudipati Venkatachalam,Thriller,Telugu,Paperback,3.3,1224.0,259.0,2003.0,778.95,dataset_1
B0168,The Riddle World,Ramanichandran,Mystery,Tamil,Audiobook,3.6,662.0,357.0,2020.0,304.82,dataset_1
B0169,Fall of Dreams,Kamala Das,History,Malayalam,Paperback,4.3,7506.0,115.0,1993.0,583.48,dataset_1
B0170,Unbroken Blood,Subha,Biography,Tamil,Audiobook,4.6,5606.0,357.0,2024.0,360.09,dataset_1
B0171,Start with Why Light,Arundhati Roy,Business,English,Paperback,4.9,2132.0,321.0,2009.0,247.27,dataset_1
B0172,The Digital Journey,Vaikom Muhammad Basheer,Technology,Malayalam,Audiobook,4.7,194.0,357.0,2021.0,241.33,dataset_1
B0173,Unsolved River,Viswanatha Satyanarayana,Mystery,Telugu,Paperback,3.5,375.0,147.0,2012.0,394.61,dataset_1
B0174,Habits of Rain,Ruskin Bond,Self-Help,English,Ebook,4.6,234.0,219.0,1990.0,130.13,dataset_1
B0175,The Wizard Star,Aku Chinna,Fantasy,Tamil,Ebook,4.7,50.0,213.0,2016.0,208.53,dataset_1
B0176,Deadly Game Moon,Robin Sharma,Thriller,English,Paperback,3.6,7273.0,357.0,2016.0,357.32,dataset_1
B0177,The Missing Gold,Chetan Bhagat,Mystery,English,Paperback,4.1,670.0,357.0,1995.0,781.89,dataset_1
B0178,Hidden Truth Journey,Kuvempu,Thriller,Kannada,Ebook,3.3,660.0,456.0,2007.0,239.45,dataset_1
B0179,Beyond the Storm,Kuvempu,Fiction,Kannada,Audiobook,3.2,10343.0,357.0,2003.0,157.16,dataset_1
B0180,Good to Great Wind,Gudipati Venkatachalam,Business,Telugu,Ebook,3.4,537.0,300.0,2008.0,195.34,dataset_1
B0181,Dark Secrets Legend,Sandilyan,Thriller,Tamil,Paperback,3.9,310.0,334.0,2013.0,508.03,dataset_1
B0182,The Enchanted Voice,Subha,Fantasy,Tamil,Audiobook,3.4,782.0,357.0,2017.0,320.83,dataset_1
B0183,The Conspiracy Gold,Balakumaran,Thriller,Tamil,Ebook,3.7,200.0,126.0,1990.0,100.73,dataset_1
B0184,Realm of Night,Vivek,Fantasy,Tamil,Ebook,4.2,1838.0,346.0,2000.0,150.75,dataset_1
B0185,The Tech Path,Paul Zacharia,Technology,Malayalam,Ebook,3.5,626.0,400.0,1992.0,245.7,dataset_1
B0186,Forever Blood,Suryakant Tripathi Nirala,Romance,Hindi,Ebook,4.8,512.0,350.0,2023.0,112.6,dataset_1
B0187,Future of Wind,Jayakanthan,Technology,Tamil,Paperback,4.8,449.0,530.0,1993.0,232.24,dataset_1
B0188,Dreams of World,T. Janakiraman,Fiction,Tamil,Audiobook,5.0,935.0,357.0,1992.0,232.46,dataset_1
B0189,The Ancient Mind,Durjoy Datta,History,English,Audiobook,3.2,1242.0,357.0,2001.0,350.49,dataset_1
B0190,A Life in Dreams,Gudipati Venkatachalam,Biography,Telugu,Audiobook,4.1,502.0,357.0,2001.0,224.93,dataset_1
B0191,Echoes from Voice,Viswanatha Satyanarayana,Fiction,Telugu,Audiobook,5.0,640.0,357.0,2015.0,212.07,dataset_1
B0192,Data and Voice,T. Janakiraman,Technology,Tamil,Ebook,4.075,970.0,355.0,1990.0,115.89,dataset_1
B0193,Shadows of Story,Robin Sharma,Fiction,English,Audiobook,4.7,834.0,357.0,2008.0,196.95,dataset_1
B0194,Echoes from Way,Indira Soundarajan,Fiction,Tamil,Paperback,3.5,1148.0,488.0,1995.0,114.36,dataset_1
B0195,The Silent Truth,Durjoy Datta,Thriller,English,Audiobook,4.0,397.0,357.0,2009.0,371.12,dataset_1
B0196,The Enchanted Rain,R. K. Narayan,Fantasy,English,Ebook,4.8,4948.0,567.0,2007.0,162.61,dataset_1
B0197,The Riddle Fire,Rachakonda Viswanatha Sastriulu,Mystery,Telugu,Paperback,3.2,1268.0,429.0,2019.0,573.51,dataset_1
B0198,The Dragon Truth,Masti Venkatesha Iyengar,Fantasy,Kannada,Paperback,3.9,515.0,161.0,2020.0,310.28,dataset_1
B0199,Fall of Secret,Kuvempu,History,Kannada,Ebook,3.1,1838.0,158.0,1992.0,152.68,dataset_1
B0200,Forever Journey,Arundhati Roy,Romance,English,Audiobook,4.2,980.0,357.0,2022.0,104.88,dataset_1
B0201,The Life of Fire,Amish Tripathi,Biography,English,Paperback,4.8,81.0,384.0,2010.0,511.05,dataset_1
B0202,Unsolved Way,Girish Karnad,Mystery,Kannada,Audiobook,3.2,1828.0,357.0,2006.0,361.48,dataset_1
B0203,Beyond the Storm,Ruskin Bond,Fiction,English,Ebook,3.9,237.0,494.0,2021.0,110.56,dataset_1
B0204,Start with Why Light,Agatha Christie,Business,English,Audiobook,4.075,4454.0,357.0,2002.0,133.57,dataset_1
B0205,Beyond the Mystery,Harivansh Rai Bachchan,Fiction,Hindi,Paperback,3.9,763.0,275.0,1995.0,310.64,dataset_1
B0206,The Riddle River,Durjoy Datta,Mystery,English,Ebook,3.9,3533.0,576.0,2020.0,53.93,dataset_1
B0207,The Missing Heart,Indira Soundarajan,Mystery,Tamil,Ebook,3.0,426.0,522.0,2016.0,219.72,dataset_1
B0208,Mindset for Secret,Malcolm Gladwell,Self Help,English,Audiobook,4.4,1217.0,357.0,2021.0,169.57,dataset_1
B0209,Beyond the Fire,Sandilyan,Fiction,Tamil,Audiobook,4.8,6736.0,357.0,2021.0,286.81,dataset_1
B0210,The Enchanted Mind,R. K. Narayan,Fantasy,English,Audiobook,3.9,732.0,357.0,2004.0,276.3,dataset_1
B0211,Habits of River,Kamala Das,Self Help,Malayalam,Paperback,3.8,452.0,506.0,2013.0,657.18,dataset_1
B0212,Becoming Storm,Viswanatha Satyanarayana,Biography,Telugu,Audiobook,3.3,2929.0,357.0,2000.0,281.72,dataset_1
B0213,The Last Night,R. K. Narayan,Fiction,English,Paperback,5.0,2845.0,447.0,2006.0,349.93,dataset_1
B0214,Echoes from Fire,Viswanatha Satyanarayana,Fiction,Telugu,Paperback,3.2,481.0,312.0,1997.0,493.39,dataset_1
B0215,Forever Blood,Yashpal,Romance,Hindi,Paperback,3.3,55.0,186.0,1993.0,748.64,dataset_1
B0216,Shadows in Legend,Preeti Shenoy,Mystery,English,Paperback,4.6,439.0,184.0,1992.0,455.11,dataset_1
B0217,Echoes from River,Subha,Fiction,Tamil,Ebook,3.9,3029.0,598.0,2021.0,196.51,dataset_1
B0218,Dreams of Fire,R. K. Narayan,Fiction,English,Ebook,4.5,342.0,86.0,2005.0,216.96,dataset_1
B0219,Clues to Mind,Subha,Mystery,Tamil,Ebook,4.3,1078.0,331.0,1999.0,200.64,dataset_1
B0220,Whispers of Wind,Rachakonda Viswanatha Sastriulu,Romance,Telugu,Ebook,4.0,409.0,450.0,1991.0,138.52,dataset_1
B0221,Unbroken Soul,U. R. Ananthamurthy,Biography,Kannada,Audiobook,5.0,60.0,357.0,2017.0,118.44,dataset_1
B0222,Becoming River,S. L. Bhyrappa,Biography,Kannada,Audiobook,4.6,398.0,357.0,2008.0,225.79,dataset_1
B0223,AI Revolution Dreams,U. R. Ananthamurthy,Technology,Kannada,Paperback,4.7,3010.0,230.0,2015.0,412.33,dataset_1
B0224,Final Hour Soul,Dan Brown,Thriller,English,Paperback,4.6,50.0,388.0,1995.0,125.88,dataset_1
B0225,Deadly Game Story,Masti Venkatesha Iyengar,Thriller,Kannada,Paperback,3.2,1600.0,399.0,2023.0,338.5,dataset_1
B0226,Kingdom of Sun,Sandilyan,Fantasy,Tamil,Paperback,4.5,185.0,512.0,2022.0,177.31,dataset_1
B0227,Beyond the World,Amish Tripathi,Fiction,English,Audiobook,3.9,2731.0,357.0,1990.0,235.94,dataset_1
B0228,Fall of Truth,Gudipati Venkatachalam,History,Telugu,Paperback,3.6,3201.0,223.0,2014.0,463.77,dataset_1
B0229,The Conspiracy World,Ramanichandran,Thriller,Tamil,Audiobook,3.3,847.0,357.0,2007.0,124.58,dataset_1
B0230,Beyond the Dawn,Unknown Author,Fiction,Malayalam,Audiobook,3.8,850.0,357.0,2023.0,333.65,dataset_1
B0231,Scale Up Fire,Malcolm Gladwell,Business,English,Audiobook,4.6,327.0,357.0,2022.0,138.14,dataset_1
B0232,The Art of Storm,Balakumaran,Self Help,Tamil,Paperback,3.1,145.0,240.0,2013.0,745.19,dataset_1
B0233,The Lost Dawn,Kamala Das,Fiction,Malayalam,Ebook,3.3,14004.0,460.0,2009.0,248.2,dataset_1
B0234,The Conspiracy Night,Robin Sharma,Thriller,English,Paperback,4.9,299.0,392.0,2008.0,250.91,dataset_1
B0235,Good to Great Storm,Amish Tripathi,Business,English,Ebook,4.1,11518.0,543.0,2011.0,206.27,dataset_1
B0236,The Riddle Rain,Masti Venkatesha Iyengar,Mystery,Kannada,Audiobook,4.5,302.0,357.0,2018.0,144.69,dataset_1
B0237,The Art of Heart,Vivek,Self-Help,Tamil,Audiobook,-1.0,2410.0,357.0,2018.0,320.77,dataset_1
B0238,Realm of Silence,Kamala Das,Fantasy,Malayalam,Paperback,3.2,198.0,167.0,2002.0,768.62,dataset_1
B0239,A Thousand Blood,Rachakonda Viswanatha Sastriulu,Romance,Telugu,Paperback,3.0,2404.0,357.0,1991.0,292.47,dataset_1
B0240,Hidden Truth Legend,Viswanatha Satyanarayana,Thriller,Telugu,Paperback,3.6,672.0,126.0,2021.0,703.38,dataset_1
B0241,Dreams of Journey,Stephen King,Fiction,English,Audiobook,-0.5,686.0,357.0,2024.0,150.45,dataset_1
B0242,Beyond the Way,Indira Soundarajan,Fiction,Tamil,Ebook,3.1,2738.0,357.0,2001.0,55.43,dataset_1
B0243,Echoes from Soul,Stephen King,Fiction,English,Ebook,4.9,542.0,203.0,1993.0,90.51,dataset_1
B0244,The Life of Journey,Agatha Christie,Biography,English,Audiobook,3.1,128.0,357.0,2016.0,119.64,dataset_1
B0245,The Last Voice,Dale Carnegie,Fiction,English,Paperback,3.2,3435.0,208.0,2009.0,497.77,dataset_1
B0246,The Secret of Dusk,Gudipati Venkatachalam,Mystery,Telugu,Audiobook,5.0,196.0,357.0,2005.0,261.26,dataset_1
B0247,Shadows in Truth,Vaikom Muhammad Basheer,Mystery,Malayalam,Audiobook,4.3,2379.0,357.0,1990.0,118.05,dataset_1
B0248,Data and Story,Ramanichandran,Technology,Tamil,Ebook,4.2,4719.0,368.0,1992.0,82.28,dataset_1
B0249,Love in Mountain,Pattukkottai Prabhakar,Romance,Tamil,Ebook,4.1,624.0,366.0,2017.0,92.17,dataset_1
B0250,The Promise Rain,Yandamoori Veerendranath,Romance,Telugu,Paperback,3.5,6460.0,409.0,2011.0,247.44,dataset_1
B0251,The Ancient Legend,Vivek,History,Tamil,Paperback,4.0,2258.0,89.0,2001.0,389.21,dataset_1
B0252,Future of Dreams,S. L. Bhyrappa,Technology,Kannada,Paperback,4.8,386.0,535.0,1997.0,347.1,dataset_1
B0253,The Lean Rain,Viswanatha Satyanarayana,Business,Telugu,Ebook,3.7,8974.0,277.0,2018.0,51.87,dataset_1
B0254,The Life of Sun,Gudipati Venkatachalam,Biography,Telugu,Audiobook,4.2,197.0,357.0,2004.0,170.28,dataset_1
B0255,Love in Dreams,Yuval Noah Harari,Romance,English,Ebook,3.4,623.0,485.0,1997.0,223.98,dataset_1
B0256,The Wizard Voice,Robin Sharma,Fantasy,English,Audiobook,4.2,804.0,357.0,1994.0,276.45,dataset_1
B0257,A Life in Mountain,Vivek,Biography,Tamil,Paperback,4.6,2718.0,276.0,1991.0,-299.0,dataset_1
B0258,Habits of Voice,J. K. Rowling,Self-Help,English,Ebook,4.9,5843.0,133.0,2010.0,136.51,dataset_1
B0259,Chronicles of Star,Ramanichandran,History,Tamil,Audiobook,3.1,5319.0,357.0,2004.0,114.09,dataset_1
B0260,The Digital Blood,Stephen King,Technology,English,Ebook,4.1,1533.0,105.0,2004.0,245.62,dataset_1
B0261,The Missing Silence,Sandilyan,Mystery,Tamil,Ebook,4.3,720.0,108.0,2020.0,136.39,dataset_1
B0262,The Lost Storm,Gudipati Venkatachalam,Fiction,Telugu,Paperback,3.5,70.0,428.0,1993.0,675.14,dataset_1
B0263,Heart of Silence,T. Janakiraman,Romance,Tamil,Ebook,3.9,152.0,207.0,1995.0,244.91,dataset_1
B0264,The Digital Gold,Durjoy Datta,Technology,English,Paperback,4.6,15521.0,136.0,2009.0,527.52,dataset_1
B0265,Clues to Soul,Pattukkottai Prabhakar,Mystery,Tamil,Ebook,3.2,69.0,500.0,2004.0,222.92,dataset_1
B0266,A Life in Legend,J. K. Rowling,Biography,English,Audiobook,3.2,338.0,357.0,1991.0,236.22,dataset_1
B0267,Hidden Truth Moon,Kalki Krishnamurthy,Thriller,Tamil,Ebook,4.7,6105.0,209.0,2022.0,101.26,dataset_1
B0268,The Missing Path,S. L. Bhyrappa,Mystery,Kannada,Audiobook,3.6,1502.0,357.0,2022.0,387.92,dataset_1
B0269,The Making of Truth,Jayakanthan,Biography,Tamil,Paperback,4.2,4411.0,378.0,2007.0,779.19,dataset_1
B0270,Heart of Fire,Masti Venkatesha Iyengar,Romance,Kannada,Ebook,3.7,2475.0,285.0,2002.0,207.05,dataset_1
B0271,Final Hour Heart,Masti Venkatesha Iyengar,Thriller,Kannada,Audiobook,4.7,9940.0,357.0,2011.0,284.83,dataset_1
B0272,Clues to Mystery,Sujatha Rangarajan,Mystery,Tamil,Audiobook,4.8,1708.0,357.0,2004.0,307.97,dataset_1
B0273,The Secret of Moon,Pattukkottai Prabhakar,Mystery,Tamil,Audiobook,4.5,2966.0,357.0,2015.0,155.27,dataset_1
B0274,Rise of Truth,Preeti Shenoy,History,English,Ebook,3.9,370.0,448.0,1992.0,245.06,dataset_1
B0275,Deadly Game Wind,Jayakanthan,Thriller,Tamil,Ebook,4.1,2642.0,262.0,2002.0,54.3,dataset_1
B0276,Scale Up Moon,Vaikom Muhammad Basheer,Business,Malayalam,Ebook,4.8,605.0,426.0,2003.0,111.01,dataset_1
B0277,Final Hour Light,Rachakonda Viswanatha Sastriulu,Thriller,Telugu,Audiobook,3.2,555.0,357.0,2002.0,157.5,dataset_1
B0278,The Silent Star,Vikram Seth,Thriller,English,Audiobook,4.2,4196.0,357.0,2024.0,188.25,dataset_1
B0279,The Last Secret,Jayakanthan,Fiction,Tamil,Audiobook,4.8,4240.0,357.0,1995.0,335.4,dataset_1
B0280,Unbroken Storm,James Clear,Biography,English,Ebook,4.0,13803.0,263.0,2010.0,192.5,dataset_1
B0281,Whispers of Silence,Robin Sharma,Romance,English,Paperback,4.8,12517.0,117.0,2003.0,253.67,dataset_1
B0282,Hidden Truth Way,Vaikom Muhammad Basheer,Thriller,Malayalam,Ebook,4.075,4341.0,463.0,2006.0,160.11,dataset_1
B0283,The Lost Rain,M. V. Venkatram,Fiction,Tamil,Audiobook,4.075,83.0,357.0,2017.0,235.35,dataset_1
B0284,Unsolved Rain,Chetan Bhagat,Mystery,English,Audiobook,3.5,17009.0,357.0,2007.0,207.73,dataset_1
B0285,Shadows of World,Yandamoori Veerendranath,Fiction,Telugu,Audiobook,3.2,4345.0,357.0,1992.0,263.81,dataset_1
B0286,Dark Secrets River,U. R. Ananthamurthy,Thriller,Kannada,Ebook,4.2,347.0,221.0,2024.0,232.48,dataset_1
B0287,Dreams of Sun,Indira Soundarajan,Fiction,Tamil,Paperback,4.2,3272.0,92.0,2020.0,557.86,dataset_1
B0288,Forgotten Mystery,Harivansh Rai Bachchan,History,Hindi,Paperback,4.0,231.0,559.0,2019.0,338.46,dataset_1
B0289,Shadows of Rain,Rachakonda Viswanatha Sastriulu,Fiction,Telugu,Audiobook,3.9,2773.0,357.0,1991.0,212.41,dataset_1
B0290,The Wizard Sun,Mallika Manivannan,Fantasy,Tamil,Paperback,3.7,152.0,310.0,2016.0,398.0,dataset_1
B0291,A Life in Moon,Viswanatha Satyanarayana,,Telugu,Audiobook,3.1,326.0,357.0,1999.0,393.17,dataset_1
B0292,Forgotten Soul,Robin Sharma,History,English,Paperback,3.4,3180.0,480.0,1994.0,474.14,dataset_1
B0293,Deadly Game Light,Vivek,Thriller,Tamil,Audiobook,3.3,5482.0,357.0,2001.0,109.62,dataset_1
B0294,Atomic Mystery,Jhumpa Lahiri,Self Help,English,Ebook,3.6,1786.0,151.0,2019.0,61.49,dataset_1
B0295,Heart of Path,Jayakanthan,Romance,Tamil,Paperback,4.1,713.0,569.0,1994.0,372.3,dataset_1
B0296,Data and Voice,Pattukkottai Prabhakar,Technology,Tamil,Paperback,3.9,50.0,357.0,2002.0,451.73,dataset_1
B0297,Mindset for Moon,Indira Soundarajan,Self Help,Tamil,Ebook,3.5,801.0,357.0,2021.0,142.04,dataset_1
B0298,Magic of River,Kuvempu,Fantasy,Kannada,Ebook,4.7,2441.0,384.0,2015.0,172.61,dataset_1
B0299,The Making of Rain,Subha,Biography,Tamil,Ebook,3.8,681.0,267.0,1996.0,128.71,dataset_1
B0300,Chronicles of Truth,Rajesh Kumar,History,Tamil,Paperback,4.3,1060.0,148.0,2003.0,736.12,dataset_1
BOK_001,Web of Lies,Aravind Adiga,Thriller,Kannada,Paperback,3.65,1123.0,293.0,2022.0,212.0,dataset_2
BOK_002,Coffee and Conversations,Dale Carnegie,Romance,Tamil,Ebook,2.97,402.0,357.0,2000.0,70.0,dataset_2
BOK_003,The Inheritance of Loss,Kalki R. Krishnamurthy,Fiction,Tamil,Ebook,4.24,711.0,231.0,2007.0,242.0,dataset_2
BOK_004,The Chronicles of Vikramaditya,Yuval Noah Harari,Fantasy,Telugu,Ebook,4.12,612.0,419.0,2011.0,144.0,dataset_2
BOK_005,The Taj Mahal Story,Sidney Sheldon,History,Malayalam,Audiobook,3.99,427.0,222.0,1990.0,333.0,dataset_2
BOK_006,The Legend of Trishanku,Dan Brown,Fantasy,Hindi,Ebook,3.41,258.0,443.0,2022.0,155.0,dataset_2
BOK_007,Shadows of the Past,R.K. Narayan,Fiction,Kannada,Ebook,3.97,1700.0,427.0,2004.0,205.0,dataset_2
BOK_008,Whispers of the Dead,Dan Brown,Thriller,Kannada,Ebook,4.04,1050.0,397.0,2008.0,205.0,dataset_2
BOK_009,The Cursed Amulet,J.K. Rowling,Fantasy,Malayalam,Paperback,4.1,4363.0,428.0,1997.0,593.0,dataset_2
BOK_010,The Inheritance of Loss (Vol. 1),Ashwin Sanghi,Fiction,Tamil,Ebook,4.65,476.0,331.0,2020.0,221.0,dataset_2
BOK_011,Realm of the Gods,Stephen King,Fantasy,Hindi,Paperback,4.67,1070.0,395.0,2025.0,547.0,dataset_2
BOK_012,The Inheritance of Loss (Vol. 2),Kalki R. Krishnamurthy,Fiction,Tamil,Ebook,3.76,789.0,360.0,2014.0,197.0,dataset_2
BOK_013,Behind Closed Doors,Stephen King,Thriller,Kannada,Paperback,5.05,279.0,264.0,2023.0,216.0,dataset_2
BOK_014,The Midnight Sun,Jeyamohan,Fiction,Tamil,Ebook,4.49,711.0,275.0,2008.0,87.0,dataset_2
BOK_015,"Love, Chai, and Everything Nice",Arundhati Roy,Romance,Tamil,Ebook,3.99,642.0,392.0,1993.0,135.0,dataset_2
BOK_016,Making of a Legend,Sidney Sheldon,Biography,Tamil,Paperback,3.21,9840.0,426.0,2000.0,122.0,dataset_2
BOK_017,The Hunt for Red October,Amish Tripathi,Thriller,Telugu,Paperback,3.9,152.0,299.0,2025.0,503.0,dataset_2
BOK_018,Monsoon Dreams,Agatha Christie,Fiction,Telugu,Paperback,3.61,884.0,447.0,2008.0,248.0,dataset_2
BOK_019,The Train to Malgudi,Ashwin Sanghi,Fiction,Telugu,Ebook,4.29,161.0,442.0,2001.0,63.0,dataset_2
BOK_020,Ancient Indian Civilizations,Chetan Bhagat,History,Telugu,Paperback,4.28,617.0,296.0,2014.0,786.0,dataset_2
BOK_021,The Power of Focus,Anita Desai,Self Help,Malayalam,Ebook,4.3,75.0,641.0,2004.0,55.0,dataset_2
BOK_022,The Safe House,Ruskin Bond,Thriller,Telugu,Ebook,4.06,483.0,250.0,2010.0,66.0,dataset_2
BOK_023,Terminal Vector,Agatha Christie,Thriller,Telugu,Audiobook,4.27,633.0,499.0,2024.0,163.0,dataset_2
BOK_024,The Blockchain Revolution,Ashwin Sanghi,Technology,Hindi,Paperback,4.03,938.0,382.0,1992.0,186.0,dataset_2
BOK_025,The Mystery of Royapuram,Agatha Christie,Mystery,Kannada,Ebook,4.075,155.0,360.0,2023.0,140.0,dataset_2
BOK_026,The Chronicles of Vikramaditya (Vol. 1),Vikram Seth,Fantasy,Telugu,Ebook,3.72,869.0,383.0,2007.0,82.0,dataset_2
BOK_027,The Golden Threshold,Sudha Murty,Fiction,Tamil,Audiobook,3.57,128.0,337.0,2002.0,290.0,dataset_2
BOK_028,The Chennai Syndicate,Yuval Noah Harari,Thriller,Tamil,Ebook,4.63,242.0,480.0,2016.0,66.0,dataset_2
BOK_029,The Half Girlfriend Journey,Shashi Tharoor,Romance,Kannada,Paperback,3.88,129.0,356.0,2021.0,197.0,dataset_2
BOK_030,The Dragon of Sahyadri,Devdutt Pattanaik,Fantasy,Malayalam,Ebook,3.47,3762.0,482.0,2015.0,172.0,dataset_2
BOK_031,Blackout,Unknown Author,Thriller,Telugu,Ebook,3.58,1109.0,389.0,2005.0,223.0,dataset_2
BOK_032,Shadow of the Yeti,Chetan Bhagat,Fantasy,Tamil,Paperback,4.1,51.0,317.0,2009.0,750.0,dataset_2
BOK_033,The Tech Boom in Bangalore,R.K. Narayan,Technology,Kannada,Paperback,4.23,368.0,178.0,1995.0,392.0,dataset_2
BOK_034,Lead from the Front,Dan Brown,Self Help,Tamil,Audiobook,4.09,1448.0,247.0,2015.0,107.0,dataset_2
BOK_035,Scale Up,Stephen King,Business,Telugu,Paperback,4.38,771.0,579.0,2000.0,790.0,dataset_2
BOK_036,Life in a Metro,Ashwin Sanghi,Fiction,Kannada,Audiobook,4.77,447.0,257.0,2011.0,227.0,dataset_2
BOK_037,Murder on High Street,R.K. Narayan,Thriller,Kannada,Ebook,4.57,711.0,463.0,1992.0,168.0,dataset_2
BOK_038,The Midnight Sun (Vol. 1),Arundhati Roy,Fiction,Tamil,Ebook,4.51,476.0,451.0,2002.0,12500.0,dataset_2
BOK_039,The Silent Witness,Simon Sinek,Thriller,Hindi,Ebook,4.27,489.0,419.0,2001.0,187.0,dataset_2
BOK_040,The Midnight Sun (Vol. 2),Dale Carnegie,Fiction,Kannada,Ebook,3.88,70.0,301.0,1997.0,98.0,dataset_2
BOK_041,Shadows of the Past (Vol. 1),R.K. Narayan,Fiction,Kannada,Paperback,3.74,585.0,336.0,1997.0,531.0,dataset_2
BOK_042,"Love, Chai, and Everything Nice (Vol. 1)",Amish Tripathi,Romance,Telugu,Ebook,5.0,313.0,399.0,1998.0,78.0,dataset_2
BOK_043,Wealth and Wisdom,Dale Carnegie,Self-Help,Tamil,Audiobook,4.4,1162.0,128.0,2017.0,345.0,dataset_2
BOK_044,The Chennai Syndicate (Vol. 1),Vikram Seth,Thriller,Tamil,Ebook,3.49,72.0,334.0,2005.0,220.0,dataset_2
BOK_045,The God of Small Things,Simon Sinek,Fiction,Telugu,Paperback,4.1,952.0,267.0,2015.0,139.0,dataset_2
BOK_046,Ancient Indian Civilizations (Vol. 1),Sandilyan,History,Hindi,Ebook,3.88,245.0,182.0,2022.0,159.0,dataset_2
BOK_047,Murder on High Street (Vol. 1),Robin Sharma,Thriller,Tamil,Paperback,4.34,1797.0,200.0,1993.0,776.0,dataset_2
BOK_048,The Last Letter,Jeffrey Archer,Fiction,Kannada,Ebook,3.93,1439.0,369.0,2013.0,239.0,dataset_2
BOK_049,The Cursed Amulet (Vol. 1),Dan Brown,Fantasy,Kannada,Ebook,4.26,80.0,266.0,1997.0,60.0,dataset_2
BOK_050,The God of Small Things (Vol. 1),Ken Follett,Fiction,Kannada,Ebook,4.16,73.0,222.0,1998.0,99.0,dataset_2
BOK_051,Autumn Leaves,Simon Sinek,Romance,Tamil,Paperback,4.71,143.0,457.0,1991.0,270.0,dataset_2
BOK_052,The Chronicles of Vikramaditya (Vol. 2),John Grisham,Fantasy,Tamil,Paperback,4.09,685.0,424.0,2022.0,493.0,dataset_2
BOK_053,Cold Case Files,Stephen King,Thriller,Tamil,Ebook,4.25,701.0,468.0,2006.0,127.0,dataset_2
BOK_054,Echoes of Betrayal,Ashwin Sanghi,Thriller,Tamil,Ebook,3.59,69.0,327.0,2003.0,186.0,dataset_2
BOK_055,The Last Letter (Vol. 1),Sujatha Rangarajan,Fiction,Tamil,Paperback,4.075,220.0,343.0,2001.0,216.0,dataset_2
BOK_056,The Lock and Key,Stephen King,Mystery,English,Paperback,4.36,174.0,482.0,2003.0,552.0,dataset_2
BOK_057,The Deception Game,Chetan Bhagat,Thriller,Tamil,Paperback,4.36,88.0,388.0,1999.0,590.0,dataset_2
BOK_058,The Poisoned Chalice,Ruskin Bond,Mystery,Kannada,Paperback,3.58,2541.0,210.0,2009.0,266.0,dataset_2
BOK_059,Unlocking Your Potential,John Grisham,Self-Help,Telugu,Ebook,3.61,116.0,132.0,1996.0,146.0,dataset_2
BOK_060,A Suitable Match,Yuval Noah Harari,Fiction,Malayalam,Ebook,4.42,6343.0,204.0,1996.0,9999.0,dataset_2
BOK_061,The Legend of Ramanujan,Simon Sinek,Biography,Tamil,Audiobook,4.2,235.0,278.0,2005.0,128.0,dataset_2
BOK_062,Under the Banyan Tree,Stephen King,Romance,Tamil,Ebook,4.14,2593.0,200.0,2004.0,56.0,dataset_2
BOK_063,The Deception Game (Vol. 1),Dale Carnegie,Thriller,Tamil,Ebook,4.66,3384.0,256.0,2004.0,76.0,dataset_2
BOK_064,Echoes of Betrayal (Vol. 1),Amish Tripathi,Thriller,Kannada,Ebook,4.01,212.0,354.0,2008.0,139.0,dataset_2
BOK_065,The Hunt for Red October (Vol. 1),Madhavan,Thriller,Kannada,Paperback,5.0,1066.0,399.0,2018.0,589.0,dataset_2
BOK_066,A River's Tale,Ken Follett,Fiction,Kannada,Ebook,3.93,1557.0,453.0,2017.0,173.0,dataset_2
BOK_067,A Walk in the Rain,Stephen King,Romance,Kannada,Paperback,4.28,476.0,473.0,2021.0,645.0,dataset_2
BOK_068,The Chennai Syndicate (Vol. 2),Sujatha Rangarajan,Thriller,Kannada,Audiobook,5.0,353.0,385.0,1990.0,204.0,dataset_2
BOK_069,The Midnight Conspiracy,J.K. Rowling,Thriller,Kannada,Paperback,3.52,1687.0,273.0,2025.0,531.0,dataset_2
BOK_070,Life in a Metro (Vol. 1),Amish Tripathi,Fiction,Tamil,Ebook,4.3,3226.0,417.0,2013.0,63.0,dataset_2
BOK_071,Prophecy of the Stars,Arundhati Roy,Fantasy,Tamil,Audiobook,3.76,250.0,206.0,2026.0,313.0,dataset_2
BOK_072,The Art of Thinking Clearly,Arundhati Roy,Self-Help,Kannada,Paperback,4.34,711.0,133.0,2008.0,213.0,dataset_2
BOK_073,The Last Letter (Vol. 2),James Clear,Fiction,Kannada,Paperback,4.1,5650.0,357.0,2025.0,364.0,dataset_2
BOK_074,The Legend of Trishanku (Vol. 1),Madhavan,Fantasy,Kannada,Ebook,3.54,535.0,400.0,2001.0,240.0,dataset_2
BOK_075,Wealth and Wisdom (Vol. 1),Amish Tripathi,Self-Help,Kannada,Audiobook,3.97,154.0,554.0,2002.0,238.0,dataset_2
BOK_076,Shadows of the Past (Vol. 2),Dan Brown,Fiction,Kannada,Ebook,3.69,72.0,358.0,2002.0,191.0,dataset_2
BOK_077,Stars in Your Eyes,James Clear,Romance,Tamil,Ebook,4.16,4629.0,224.0,2010.0,73.0,dataset_2
BOK_078,The Coconut Groves,Ken Follett,Fiction,Kannada,Paperback,4.1,468.0,266.0,1996.0,439.0,dataset_2
BOK_079,Frugal Innovation,Arundhati Roy,Business,Kannada,Paperback,3.37,369.0,158.0,2008.0,265.0,dataset_2
BOK_080,Realm of the Gods (Vol. 1),Yuval Noah Harari,Fantasy,Tamil,Ebook,4.86,1286.0,456.0,2023.0,236.0,dataset_2
BOK_081,Web of Lies (Vol. 1),R.K. Narayan,Thriller,Tamil,Ebook,4.64,496.0,238.0,1999.0,195.0,dataset_2
BOK_082,The Coconut Groves (Vol. 1),Anita Desai,Fiction,Tamil,Audiobook,3.7,488.0,291.0,2019.0,232.0,dataset_2
BOK_083,The Maratha Warriors,Devdutt Pattanaik,History,Telugu,Audiobook,3.75,770.0,413.0,2015.0,309.0,dataset_2
BOK_084,Double Cross,Kalki R. Krishnamurthy,Thriller,Kannada,Paperback,3.76,676.0,221.0,1993.0,350.0,dataset_2
BOK_085,The Golden Threshold (Vol. 1),Kiran Desai,Fiction,Tamil,Ebook,4.01,433.0,247.0,2012.0,169.0,dataset_2
BOK_086,A Summer in Ooty,Yuval Noah Harari,Romance,Hindi,Ebook,3.79,3193.0,421.0,2002.0,-256.0,dataset_2
BOK_087,The Last Letter (Vol. 3),Jeyamohan,Fiction,Tamil,Audiobook,4.43,174.0,309.0,2010.0,390.0,dataset_2
BOK_088,The Great Chola Empire,George R.R. Martin,History,Telugu,Paperback,3.89,711.0,143.0,2017.0,376.0,dataset_2
BOK_089,The Chennai Express Connection,Shashi Tharoor,Romance,Tamil,Ebook,4.03,2759.0,352.0,2000.0,100.0,dataset_2
BOK_090,The Python Way,Dan Brown,Technology,Kannada,Audiobook,3.14,251.0,518.0,1990.0,387.0,dataset_2
BOK_091,The Last Letter (Vol. 4),Kiran Desai,Fiction,Telugu,Ebook,4.9,10515.0,362.0,1990.0,88.0,dataset_2
BOK_092,The Tech Boom in Bangalore (Vol. 1),Aravind Adiga,Technology,Kannada,Ebook,4.78,694.0,581.0,1998.0,212.0,dataset_2
BOK_093,Love in the Time of Monsoons,Agatha Christie,Romance,Kannada,Ebook,4.81,745.0,393.0,2003.0,139.0,dataset_2
BOK_094,Cloud Architectures,Kiran Desai,Technology,English,Paperback,3.93,369.0,247.0,2021.0,764.0,dataset_2
BOK_095,Dead Run,Sudha Murty,Thriller,Kannada,Ebook,4.71,3367.0,391.0,2001.0,191.0,dataset_2
BOK_096,The Poisoned Chalice (Vol. 1),Jeyamohan,Mystery,Kannada,Audiobook,4.52,711.0,478.0,1996.0,327.0,dataset_2
BOK_097,Swords of the Deccan,Ken Follett,Fantasy,Malayalam,Ebook,4.04,204.0,263.0,2012.0,168.0,dataset_2
BOK_098,Scale Up (Vol. 1),Ken Follett,Business,Kannada,Ebook,3.96,711.0,544.0,2005.0,216.0,dataset_2
BOK_099,Winds of Change,Sidney Sheldon,Fiction,Tamil,Paperback,4.16,422.0,492.0,2017.0,347.0,dataset_2
BOK_100,A Suitable Match (Vol. 1),Ashwin Sanghi,Fiction,Kannada,Paperback,4.18,708.0,250.0,1998.0,616.0,dataset_2
BOK_101,Under the Banyan Tree (Vol. 1),John Grisham,Romance,Telugu,Paperback,3.67,102.0,478.0,1995.0,685.0,dataset_2
BOK_102,The Midnight Sun (Vol. 3),John Grisham,Fiction,Telugu,Audiobook,4.39,711.0,299.0,2024.0,225.0,dataset_2
BOK_103,The Daily Grind,Agatha Christie,Self-Help,Telugu,Ebook,4.075,365.0,199.0,2021.0,142.0,dataset_2
BOK_104,The Silent Witness (Vol. 1),Ruskin Bond,Thriller,Kannada,Ebook,4.07,237.0,360.0,2018.0,91.0,dataset_2
BOK_105,False Identity,George R.R. Martin,Thriller,Hindi,Audiobook,4.19,610.0,479.0,1990.0,181.0,dataset_2
BOK_106,Zero to One Crore,Devdutt Pattanaik,Business,Tamil,Audiobook,4.16,265.0,342.0,1991.0,267.0,dataset_2
BOK_107,Life in a Metro (Vol. 2),R.K. Narayan,Fiction,Telugu,Ebook,3.76,331.0,350.0,2019.0,240.0,dataset_2
BOK_108,Behind Closed Doors (Vol. 1),Simon Sinek,Thriller,Hindi,Ebook,4.19,75.0,421.0,2018.0,158.0,dataset_2
BOK_109,Bouncing Back,Ken Follett,Self Help,Kannada,Ebook,3.7,259.0,643.0,2006.0,200.0,dataset_2
BOK_110,The Deception Game (Vol. 2),Jeffrey Archer,Thriller,Malayalam,Paperback,4.14,556.0,325.0,1994.0,320.0,dataset_2
BOK_111,Echoes of Betrayal (Vol. 2),Madhavan,Thriller,Telugu,Ebook,4.67,170.0,364.0,2004.0,193.0,dataset_2
BOK_112,The Assassin's Mark,Robin Sharma,Thriller,Kannada,Ebook,4.28,1522.0,415.0,2017.0,131.0,dataset_2
BOK_113,Echoes of Silence,Sujatha Rangarajan,Fiction,Tamil,Audiobook,4.83,261.0,367.0,2014.0,216.0,dataset_2
BOK_114,The Safe House (Vol. 1),Yuval Noah Harari,Thriller,Kannada,Paperback,4.59,2159.0,473.0,2023.0,140.0,dataset_2
BOK_115,The Chennai Express Connection (Vol. 1),R.K. Narayan,Romance,Tamil,Paperback,4.0,374.0,240.0,2025.0,420.0,dataset_2
BOK_116,"Love, Chai, and Everything Nice (Vol. 2)",Dan Brown,Romance,Kannada,Paperback,4.08,9877.0,315.0,2000.0,190.0,dataset_2
BOK_117,Prophecy of the Stars (Vol. 1),Yuval Noah Harari,Fantasy,Malayalam,Paperback,4.53,1286.0,355.0,1994.0,370.0,dataset_2
BOK_118,The Guardian of the Portal,Aravind Adiga,Fantasy,Telugu,Ebook,3.77,606.0,275.0,2016.0,213.0,dataset_2
BOK_119,Swords of the Deccan (Vol. 1),J.K. Rowling,Fantasy,Kannada,Audiobook,3.53,308.0,351.0,1995.0,280.0,dataset_2
BOK_120,Swords of the Deccan (Vol. 2),R.K. Narayan,Fantasy,Telugu,Audiobook,3.38,110.0,439.0,2014.0,196.0,dataset_2
BOK_121,Monsoon Dreams (Vol. 1),Jeffrey Archer,Fiction,Tamil,Paperback,4.12,5434.0,254.0,1998.0,216.0,dataset_2
BOK_122,Double Cross (Vol. 1),Arundhati Roy,Thriller,Kannada,Audiobook,4.4,384.0,357.0,2026.0,216.0,dataset_2
BOK_123,The Madurai Murders,Vikram Seth,Mystery,Tamil,Ebook,4.52,582.0,481.0,1995.0,140.0,dataset_2
BOK_124,Beyond the Horizon,Dan Brown,Fiction,Kannada,Audiobook,3.57,63.0,416.0,2002.0,250.0,dataset_2
BOK_125,The Assassin's Mark (Vol. 1),Sandilyan,Thriller,Kannada,Audiobook,4.12,193.0,256.0,2004.0,158.0,dataset_2
BOK_126,The Corporate Ladder,Stephen King,Business,Kannada,Ebook,3.66,1589.0,521.0,2015.0,75.0,dataset_2
BOK_127,The Golden Empire,Ruskin Bond,Fantasy,Malayalam,Audiobook,3.75,1733.0,347.0,1990.0,148.0,dataset_2
BOK_128,The Hidden Key,Kiran Desai,Mystery,Telugu,Paperback,5.0,78.0,285.0,2001.0,440.0,dataset_2
BOK_129,Echoes of Silence (Vol. 1),Anita Desai,Fiction,Tamil,Ebook,4.49,372.0,200.0,2021.0,113.0,dataset_2
BOK_130,Monsoon Dreams (Vol. 2),Yuval Noah Harari,Fiction,Malayalam,Audiobook,3.87,682.0,248.0,1996.0,255.0,dataset_2
BOK_131,The Mystery of Royapuram (Vol. 1),Anita Desai,Mystery,Telugu,Ebook,4.08,141.0,370.0,2023.0,248.0,dataset_2
BOK_132,The Train to Malgudi (Vol. 1),Vikram Seth,Fiction,Telugu,Ebook,4.0,3236.0,215.0,2005.0,197.0,dataset_2
BOK_133,Behind Closed Doors (Vol. 2),Ruskin Bond,Thriller,Telugu,Paperback,3.98,191.0,478.0,2018.0,639.0,dataset_2
BOK_134,Code of Silence,Shashi Tharoor,Thriller,Telugu,Ebook,3.93,708.0,262.0,2017.0,166.0,dataset_2
BOK_135,Vanishing Point,R.K. Narayan,Thriller,English,Paperback,3.15,711.0,485.0,2000.0,410.0,dataset_2
BOK_136,The Silent Witness (Vol. 2),Devdutt Pattanaik,Thriller,Telugu,Audiobook,3.47,137.0,200.0,1993.0,228.0,dataset_2
BOK_137,The Assassin's Mark (Vol. 2),Chetan Bhagat,Thriller,Tamil,Audiobook,4.37,206.0,300.0,2017.0,399.0,dataset_2
BOK_138,The Hunt for Red October (Vol. 2),James Clear,Thriller,Tamil,Ebook,4.35,76.0,333.0,2009.0,202.0,dataset_2
BOK_139,Shadows of the Past (Vol. 3),Kiran Desai,Fiction,Kannada,Paperback,3.73,273.0,352.0,2026.0,743.0,dataset_2
BOK_140,The Poisoned Chalice (Vol. 2),Ken Follett,Mystery,Kannada,Ebook,3.54,1515.0,418.0,2019.0,157.0,dataset_2
BOK_141,Secrets of the Kaveri,Devdutt Pattanaik,Mystery,Hindi,Paperback,3.82,934.0,324.0,2022.0,482.0,dataset_2
BOK_142,Stars in Your Eyes (Vol. 1),Chetan Bhagat,Romance,Hindi,Ebook,4.44,1276.0,465.0,2019.0,63.0,dataset_2
BOK_143,The God of Small Things (Vol. 2),Sandilyan,Fiction,Malayalam,Ebook,3.61,628.0,231.0,1997.0,239.0,dataset_2
BOK_144,The Dragon of Sahyadri (Vol. 1),R.K. Narayan,Fantasy,Kannada,Paperback,4.09,7691.0,354.0,2009.0,106.0,dataset_2
BOK_145,The Chennai Express Connection (Vol. 2),Aravind Adiga,Romance,Tamil,Ebook,4.2,234.0,442.0,1991.0,179.0,dataset_2
BOK_146,Web of Lies (Vol. 2),Sujatha Rangarajan,Thriller,Hindi,Ebook,4.75,5313.0,263.0,2017.0,87.0,dataset_2
BOK_147,The Mango Orchard,Simon Sinek,Fiction,Malayalam,Ebook,4.56,620.0,251.0,2021.0,144.0,dataset_2
BOK_148,Echoes of Betrayal (Vol. 3),James Clear,Thriller,Telugu,Audiobook,4.42,400.0,399.0,1990.0,397.0,dataset_2
BOK_149,The Last Letter (Vol. 5),Agatha Christie,Fiction,Telugu,Ebook,4.64,610.0,281.0,2012.0,178.0,dataset_2
BOK_150,Terminal Vector (Vol. 1),James Clear,Thriller,Telugu,Audiobook,3.77,1386.0,435.0,1998.0,242.0,dataset_2
BOK_151,The Disruptors,Robin Sharma,Business,Tamil,Ebook,4.03,5747.0,357.0,1998.0,228.0,dataset_2
BOK_152,Forever Yours,Anita Desai,Romance,Kannada,Audiobook,4.01,1574.0,249.0,1996.0,355.0,dataset_2
BOK_153,The Night Crawler,Sandilyan,Thriller,Tamil,Paperback,4.36,1801.0,396.0,2016.0,15000.0,dataset_2
BOK_154,Under the Banyan Tree (Vol. 2),Aravind Adiga,Romance,Tamil,Paperback,12.0,878.0,289.0,2010.0,210.0,dataset_2
BOK_155,The Safe House (Vol. 2),Dan Brown,Thriller,English,Audiobook,3.59,1069.0,282.0,2017.0,370.0,dataset_2
BOK_156,The God of Small Things (Vol. 3),Dan Brown,Fiction,Tamil,Ebook,3.9,737.0,294.0,2023.0,177.0,dataset_2
BOK_157,Sardar: The Iron Man,Devdutt Pattanaik,Biography,Kannada,Audiobook,2.87,475.0,192.0,2026.0,140.0,dataset_2
BOK_158,Mindset of Achievers,Sudha Murty,Self-Help,Tamil,Audiobook,3.26,53.0,519.0,2012.0,134.0,dataset_2
BOK_159,Cloud Architectures (Vol. 1),Sujatha Rangarajan,Technology,Tamil,Ebook,4.14,241.0,233.0,2020.0,117.0,dataset_2
BOK_160,Chai and Pakoda Days,Madhavan,Fiction,Kannada,Ebook,4.36,957.0,231.0,2005.0,176.0,dataset_2
BOK_161,Bouncing Back (Vol. 1),Amish Tripathi,Self Help,Kannada,Paperback,4.32,97.0,252.0,2007.0,142.0,dataset_2
BOK_162,Winds of Change (Vol. 1),Anita Desai,Fiction,Kannada,Ebook,2.98,2633.0,394.0,1991.0,191.0,dataset_2
BOK_163,Life in a Metro (Vol. 3),Yuval Noah Harari,Fiction,Telugu,Ebook,4.03,192.0,388.0,2012.0,99.0,dataset_2
BOK_164,The Last Alibi,Kalki R. Krishnamurthy,Thriller,Tamil,Ebook,3.38,9940.0,474.0,2026.0,61.0,dataset_2
BOK_165,The Missile Man: APJ Abdul Kalam,Sidney Sheldon,Biography,Tamil,Ebook,3.71,156.0,370.0,2008.0,216.0,dataset_2
BOK_166,The Madurai Murders (Vol. 1),James Clear,Mystery,Tamil,Ebook,4.57,6404.0,312.0,2018.0,232.0,dataset_2
BOK_167,Cyber Security for Everyone,Chetan Bhagat,Technology,Telugu,Paperback,3.76,191.0,540.0,2021.0,386.0,dataset_2
BOK_168,The Weaver's Loom,Aravind Adiga,Fiction,Tamil,Ebook,4.36,159.0,272.0,1992.0,110.0,dataset_2
BOK_169,The Chennai Express Connection (Vol. 3),John Grisham,Romance,Kannada,Ebook,4.5,862.0,243.0,1993.0,121.0,dataset_2
BOK_170,A Cryptic Message,Shashi Tharoor,Mystery,Malayalam,Ebook,3.72,1345.0,356.0,1992.0,188.0,dataset_2
BOK_171,The Tech Boom in Bangalore (Vol. 2),Amish Tripathi,Technology,Hindi,Paperback,4.42,97.0,564.0,2017.0,158.0,dataset_2
BOK_172,The Wedding Planner's Story,J.K. Rowling,Romance,English,Ebook,3.87,1405.0,395.0,2019.0,240.0,dataset_2
BOK_173,A River's Tale (Vol. 1),George R.R. Martin,Fiction,Tamil,Ebook,3.63,382.0,357.0,2013.0,118.0,dataset_2
BOK_174,Bouncing Back (Vol. 2),Shashi Tharoor,Self Help,Malayalam,Ebook,3.61,591.0,129.0,2019.0,59.0,dataset_2
BOK_175,The Lost Manuscript,George R.R. Martin,Mystery,Malayalam,Ebook,4.17,4114.0,232.0,2018.0,96.0,dataset_2
BOK_176,The Habit Loop,Ruskin Bond,Self Help,Tamil,Audiobook,3.82,6133.0,358.0,1997.0,119.0,dataset_2
BOK_177,The Cursed Amulet (Vol. 2),Madhavan,Fantasy,Malayalam,Ebook,4.16,725.0,320.0,2012.0,77.0,dataset_2
BOK_178,The Madurai Murders (Vol. 2),Sujatha Rangarajan,Mystery,Tamil,Ebook,3.86,711.0,418.0,2008.0,86.0,dataset_2
BOK_179,Code of Silence (Vol. 1),Jeyamohan,Thriller,Telugu,Paperback,4.65,2417.0,215.0,2000.0,477.0,dataset_2
BOK_180,The Safe House (Vol. 3),John Grisham,Thriller,Tamil,Ebook,4.59,736.0,460.0,2012.0,105.0,dataset_2
BOK_181,Making of a Legend (Vol. 1),Anita Desai,Biography,Tamil,Ebook,4.74,1890.0,244.0,2023.0,63.0,dataset_2
BOK_182,Shadow of the Yeti (Vol. 1),Robin Sharma,Fantasy,Kannada,Ebook,4.51,331.0,385.0,2004.0,166.0,dataset_2
BOK_183,Swords of the Deccan (Vol. 3),Anita Desai,Fantasy,Tamil,Ebook,4.77,92.0,239.0,2013.0,217.0,dataset_2
BOK_184,Heartstrings,Ashwin Sanghi,Romance,Kannada,Ebook,4.075,711.0,346.0,2011.0,130.0,dataset_2
BOK_185,Life in a Metro (Vol. 4),Jeyamohan,Fiction,Kannada,Audiobook,4.6,222.0,440.0,1996.0,164.0,dataset_2
BOK_186,The Legend of Ramanujan (Vol. 1),Amish Tripathi,Biography,Tamil,Paperback,3.89,999.0,241.0,2011.0,444.0,dataset_2
BOK_187,The Taj Mahal Story (Vol. 1),Chetan Bhagat,History,Tamil,Paperback,5.0,1600.0,608.0,1998.0,287.0,dataset_2
BOK_188,Monsoon Dreams (Vol. 3),James Clear,Fiction,Tamil,Ebook,4.31,514.0,343.0,1996.0,109.0,dataset_2
BOK_189,The Mystery of Royapuram (Vol. 2),Jeyamohan,Mystery,Tamil,Paperback,4.54,532.0,363.0,2001.0,24000.0,dataset_2
BOK_190,The Calm Mind,Dale Carnegie,Self Help,Telugu,Ebook,4.14,711.0,411.0,2000.0,80.0,dataset_2
BOK_191,Cold Case Files (Vol. 1),Jeffrey Archer,Thriller,Kannada,Ebook,4.075,1000.0,203.0,2021.0,56.0,dataset_2
BOK_192,Monsoon Dreams (Vol. 4),R.K. Narayan,Fiction,Hindi,Ebook,-1.2,208.0,261.0,2018.0,160.0,dataset_2
BOK_193,Murder on High Street (Vol. 2),Kiran Desai,Thriller,Malayalam,Paperback,9.8,1333.0,459.0,2011.0,382.0,dataset_2
BOK_194,Autumn Leaves (Vol. 1),Unknown Author,Romance,Kannada,Ebook,4.47,157.0,218.0,1990.0,112.0,dataset_2
BOK_195,Coffee and Conversations (Vol. 1),Chetan Bhagat,Romance,Malayalam,Audiobook,3.86,7518.0,344.0,1998.0,201.0,dataset_2
BOK_196,Algorithms and Life,John Grisham,Technology,Malayalam,Ebook,-0.5,320.0,548.0,2006.0,207.0,dataset_2
BOK_197,The Half Girlfriend Journey (Vol. 1),Sidney Sheldon,Romance,Tamil,Audiobook,4.26,389.0,349.0,2021.0,350.0,dataset_2
BOK_198,Stars in Your Eyes (Vol. 2),Kiran Desai,Romance,Kannada,Ebook,4.075,2785.0,417.0,1997.0,95.0,dataset_2
BOK_199,The Tech Boom in Bangalore (Vol. 3),Sujatha Rangarajan,Technology,Telugu,Audiobook,4.88,560.0,620.0,2016.0,220.0,dataset_2
BOK_200,The Chennai Syndicate (Vol. 3),George R.R. Martin,Thriller,Kannada,Ebook,4.42,358.0,426.0,2017.0,152.0,dataset_2
BOK_201,The Corporate Ladder (Vol. 1),Ashwin Sanghi,Business,Tamil,Ebook,4.5,430.0,290.0,2024.0,102.0,dataset_2
BOK_202,The Tech Boom in Bangalore (Vol. 4),Madhavan,Technology,Kannada,Ebook,4.79,135.0,461.0,2012.0,246.0,dataset_2
BOK_203,Shadow of the Yeti (Vol. 2),Agatha Christie,Fantasy,Kannada,Audiobook,3.78,397.0,391.0,2011.0,311.0,dataset_2
BOK_204,Love in the Time of Monsoons (Vol. 1),J.K. Rowling,Romance,Tamil,Ebook,3.53,641.0,354.0,1991.0,108.0,dataset_2
BOK_205,The Golden Threshold (Vol. 2),Amish Tripathi,Fiction,Telugu,Audiobook,4.075,1675.0,207.0,2024.0,177.0,dataset_2
BOK_206,Swords of the Deccan (Vol. 4),Anita Desai,Fantasy,Telugu,Paperback,3.85,313.0,251.0,2006.0,771.0,dataset_2
BOK_207,The Last Alibi (Vol. 1),R.K. Narayan,Thriller,Kannada,Paperback,4.2,4015.0,325.0,2014.0,117.0,dataset_2
BOK_208,The Fire Jewel,Anita Desai,Fantasy,English,Audiobook,3.67,3371.0,318.0,2018.0,289.0,dataset_2
BOK_209,The Half Girlfriend Journey (Vol. 2),Arundhati Roy,Romance,Kannada,Ebook,4.22,779.0,450.0,2005.0,-82.0,dataset_2
BOK_210,The Assassin's Mark (Vol. 3),Jeyamohan,Thriller,Malayalam,Paperback,4.17,1388.0,359.0,2011.0,254.0,dataset_2
BOK_211,The Chennai Syndicate (Vol. 4),Unknown Author,Thriller,Kannada,Paperback,3.85,855.0,455.0,2010.0,767.0,dataset_2
BOK_212,The Assassin's Mark (Vol. 4),Kalki R. Krishnamurthy,Thriller,Telugu,Audiobook,5.5,711.0,239.0,2014.0,165.0,dataset_2
BOK_213,The Saffron Gate,Sidney Sheldon,Fiction,Telugu,Ebook,4.76,1148.0,271.0,2025.0,157.0,dataset_2
BOK_214,The Coconut Groves (Vol. 2),Dale Carnegie,Fiction,Tamil,Paperback,4.55,711.0,488.0,2000.0,244.0,dataset_2
BOK_215,The Bangalore Alibi,Anita Desai,Mystery,Tamil,Paperback,3.82,618.0,369.0,1998.0,268.0,dataset_2
BOK_216,Life in a Metro (Vol. 5),Sudha Murty,Fiction,Kannada,Audiobook,4.32,141.0,248.0,1993.0,339.0,dataset_2
BOK_217,The Mango Orchard (Vol. 1),Dan Brown,Fiction,Kannada,Ebook,3.87,205.0,330.0,2025.0,188.0,dataset_2
BOK_218,Chai and Pakoda Days (Vol. 1),Simon Sinek,Fiction,Tamil,Ebook,3.87,2924.0,396.0,2011.0,197.0,dataset_2
BOK_219,Cloud Architectures (Vol. 2),Sandilyan,Technology,Telugu,Audiobook,4.07,278.0,357.0,2010.0,139.0,dataset_2
BOK_220,Beyond the Horizon (Vol. 1),Shashi Tharoor,Fiction,Malayalam,Audiobook,3.8,110.0,393.0,2014.0,342.0,dataset_2
BOK_221,The Assassin's Mark (Vol. 5),Aravind Adiga,Thriller,Kannada,Ebook,4.21,101.0,342.0,1999.0,161.0,dataset_2
BOK_222,The Ghost of Shimla,Jeffrey Archer,Mystery,Telugu,Ebook,5.0,383.0,486.0,2002.0,147.0,dataset_2
BOK_223,The Train to Malgudi (Vol. 2),Kalki R. Krishnamurthy,Fiction,Telugu,Ebook,3.95,866.0,388.0,2006.0,178.0,dataset_2
BOK_224,Stars in Your Eyes (Vol. 3),R.K. Narayan,Romance,Tamil,Audiobook,4.34,78.0,215.0,2020.0,332.0,dataset_2
BOK_225,Village Bells,Sandilyan,Fiction,Telugu,Paperback,4.5,180.0,261.0,1993.0,554.0,dataset_2
BOK_226,Murder on High Street (Vol. 3),Kalki R. Krishnamurthy,Thriller,Malayalam,Paperback,3.42,1898.0,286.0,2013.0,628.0,dataset_2
BOK_227,Coding the Future,Dan Brown,Technology,Kannada,Ebook,4.075,1112.0,574.0,1992.0,120.0,dataset_2
BOK_228,Realm of the Gods (Vol. 2),Chetan Bhagat,Fantasy,Kannada,Paperback,3.8,312.0,244.0,2026.0,574.0,dataset_2
BOK_229,The Inheritance of Loss (Vol. 3),Dan Brown,Fiction,Tamil,Ebook,5.0,262.0,241.0,2005.0,128.0,dataset_2
BOK_230,The Golden Empire (Vol. 1),Dan Brown,Fantasy,Telugu,Ebook,4.31,225.0,315.0,2002.0,119.0,dataset_2
BOK_231,The Midnight Sun (Vol. 4),John Grisham,Fiction,Tamil,Ebook,4.08,279.0,430.0,2000.0,59.0,dataset_2
BOK_232,Beyond the Horizon (Vol. 2),Agatha Christie,Fiction,Kannada,Ebook,3.26,696.0,337.0,1995.0,181.0,dataset_2
BOK_233,Shadow in the Rain,John Grisham,Thriller,Kannada,Paperback,4.14,604.0,365.0,2013.0,677.0,dataset_2
BOK_234,Shadow of the Yeti (Vol. 3),Amish Tripathi,Fantasy,Hindi,Paperback,4.95,115.0,371.0,2011.0,763.0,dataset_2
BOK_235,The Saffron Gate (Vol. 1),George R.R. Martin,Fiction,Kannada,Audiobook,4.59,877.0,404.0,2020.0,216.0,dataset_2
BOK_236,Elixir of Life,Sudha Murty,Fantasy,Kannada,Audiobook,4.075,323.0,495.0,2015.0,114.0,dataset_2
BOK_237,The Bangalore Alibi (Vol. 1),Sudha Murty,Mystery,Hindi,Paperback,3.62,124.0,377.0,2019.0,505.0,dataset_2
BOK_238,The Lost Manuscript (Vol. 1),Jeffrey Archer,Mystery,Telugu,Paperback,3.91,336.0,246.0,2005.0,257.0,dataset_2
BOK_239,The God of Small Things (Vol. 4),Robin Sharma,Fiction,Tamil,Audiobook,4.63,6781.0,249.0,2014.0,165.0,dataset_2
BOK_240,Happiness Blueprint,Sujatha Rangarajan,Self-Help,Tamil,Ebook,3.53,4462.0,193.0,2012.0,175.0,dataset_2
BOK_241,The Mango Orchard (Vol. 2),R.K. Narayan,Fiction,Kannada,Ebook,3.32,1663.0,239.0,2004.0,85.0,dataset_2
BOK_242,Beyond the Horizon (Vol. 3),Ken Follett,Fiction,Tamil,Ebook,3.98,234.0,357.0,1992.0,116.0,dataset_2
BOK_243,The Weaver's Loom (Vol. 1),Robin Sharma,Fiction,Kannada,Paperback,4.07,1018.0,407.0,1990.0,264.0,dataset_2
BOK_244,The Midnight Sun (Vol. 5),Ashwin Sanghi,Fiction,Kannada,Ebook,4.5,561.0,417.0,2006.0,239.0,dataset_2
BOK_245,A Summer in Ooty (Vol. 1),Chetan Bhagat,Romance,Malayalam,Audiobook,4.94,251.0,417.0,2024.0,296.0,dataset_2
BOK_246,Monsoon Dreams (Vol. 5),Ashwin Sanghi,Fiction,Tamil,Ebook,4.13,2580.0,437.0,2008.0,60.0,dataset_2
BOK_247,The Missile Man: APJ Abdul Kalam (Vol. 1),Ruskin Bond,Biography,Kannada,Paperback,4.31,413.0,144.0,2024.0,373.0,dataset_2
BOK_248,Danger Zone,Chetan Bhagat,Thriller,Kannada,Ebook,4.39,490.0,402.0,2005.0,94.0,dataset_2
BOK_249,The Nilgiri Mystery,Jeyamohan,Mystery,Tamil,Audiobook,4.02,32.0,468.0,2026.0,334.0,dataset_2
BOK_250,Life in a Metro (Vol. 6),Vikram Seth,Fiction,Kannada,Audiobook,5.0,123.0,240.0,2011.0,254.0,dataset_2
BOK_251,The Cipher,George R.R. Martin,Thriller,Tamil,Ebook,5.0,2261.0,259.0,2002.0,216.0,dataset_2
BOK_252,Sultans of the South,Simon Sinek,History,Kannada,Paperback,3.01,406.0,567.0,2007.0,290.0,dataset_2
BOK_253,A Cryptic Message (Vol. 1),Simon Sinek,Mystery,Tamil,Paperback,4.31,547.0,412.0,1998.0,216.0,dataset_2
BOK_254,The Ghost of Shimla (Vol. 1),Yuval Noah Harari,Mystery,Telugu,Ebook,3.94,145.0,435.0,2016.0,212.0,dataset_2
BOK_255,The Mystery of Royapuram (Vol. 3),Sudha Murty,Mystery,Kannada,Ebook,3.89,537.0,455.0,2003.0,186.0,dataset_2
BOK_256,The Chronicles of Vikramaditya (Vol. 3),Jeffrey Archer,Fantasy,Tamil,Audiobook,4.17,105.0,242.0,2003.0,-102.0,dataset_2
BOK_257,Danger Zone (Vol. 1),Unknown Author,Thriller,Telugu,Audiobook,3.66,835.0,320.0,2014.0,375.0,dataset_2
BOK_258,Echoes of Betrayal (Vol. 4),Agatha Christie,Thriller,Hindi,Ebook,4.17,1489.0,409.0,2012.0,-59.0,dataset_2
BOK_259,Code of Silence (Vol. 2),Sidney Sheldon,Thriller,Kannada,Paperback,4.43,1897.0,362.0,2022.0,648.0,dataset_2
BOK_260,The Midnight Sun (Vol. 6),Ken Follett,Fiction,Kannada,Ebook,4.63,3211.0,250.0,2014.0,198.0,dataset_2
BOK_261,The Great Chola Empire (Vol. 1),Sujatha Rangarajan,History,Kannada,Audiobook,3.28,411.0,603.0,1995.0,289.0,dataset_2
BOK_262,Realm of the Gods (Vol. 3),Dan Brown,Fantasy,Hindi,Ebook,4.11,3193.0,322.0,2001.0,170.0,dataset_2
BOK_263,The Silent Witness (Vol. 3),Kiran Desai,Thriller,Tamil,Ebook,4.06,665.0,369.0,2000.0,112.0,dataset_2
BOK_264,The Sky Fortress,Sujatha Rangarajan,Fantasy,Tamil,Ebook,5.0,145.0,333.0,2024.0,80.0,dataset_2
BOK_265,Shadow in the Rain (Vol. 1),Ashwin Sanghi,Thriller,Malayalam,Ebook,3.61,1586.0,461.0,2018.0,159.0,dataset_2
BOK_266,Monsoon Dreams (Vol. 6),Unknown Author,Fiction,Malayalam,Paperback,4.075,506.0,357.0,2020.0,315.0,dataset_2
BOK_267,The Inheritance of Loss (Vol. 4),George R.R. Martin,Fiction,Kannada,Audiobook,4.075,1487.0,427.0,2011.0,330.0,dataset_2
BOK_268,Autumn Leaves (Vol. 2),Sudha Murty,Romance,Kannada,Ebook,4.12,3996.0,349.0,2009.0,233.0,dataset_2
BOK_269,"Love, Chai, and Everything Nice (Vol. 3)",Unknown Author,Romance,Tamil,Ebook,3.41,1064.0,349.0,2014.0,115.0,dataset_2
BOK_270,The Coconut Groves (Vol. 3),Sudha Murty,Fiction,Tamil,Ebook,3.44,762.0,464.0,2015.0,172.0,dataset_2
BOK_271,Sultans of the South (Vol. 1),John Grisham,History,Kannada,Ebook,3.3,641.0,613.0,2001.0,173.0,dataset_2
BOK_272,Shadows of the Past (Vol. 4),R.K. Narayan,Fiction,Hindi,Ebook,3.8,1517.0,261.0,2002.0,141.0,dataset_2
BOK_273,Secrets of the Kaveri (Vol. 1),Unknown Author,Mystery,Hindi,Paperback,4.13,107.0,404.0,1996.0,437.0,dataset_2
BOK_274,The Cipher (Vol. 1),Kiran Desai,Thriller,English,Audiobook,4.0,49.0,293.0,2005.0,216.0,dataset_2
BOK_275,A River's Tale (Vol. 2),J.K. Rowling,Fiction,English,Audiobook,4.075,711.0,231.0,2003.0,216.0,dataset_2
BOK_276,A Summer in Ooty (Vol. 2),Agatha Christie,Romance,Kannada,Ebook,4.37,613.0,443.0,2002.0,75.0,dataset_2
BOK_277,Love in the Time of Monsoons (Vol. 2),Anita Desai,Romance,Tamil,Audiobook,4.28,1003.0,290.0,2011.0,359.0,dataset_2
BOK_278,Death at the Estate,Ruskin Bond,Mystery,English,Ebook,4.14,1389.0,425.0,1997.0,243.0,dataset_2
BOK_279,The Mystery of Royapuram (Vol. 4),Amish Tripathi,Mystery,Tamil,Audiobook,4.02,3204.0,475.0,2001.0,199.0,dataset_2
BOK_280,Simplify Your Life,Sidney Sheldon,Self-Help,Tamil,Ebook,4.53,108.0,451.0,2000.0,99.0,dataset_2
BOK_281,Bouncing Back (Vol. 3),George R.R. Martin,Self Help,Malayalam,Audiobook,3.79,582.0,546.0,2007.0,217.0,dataset_2
BOK_282,Death at the Estate (Vol. 1),Sidney Sheldon,Mystery,Malayalam,Ebook,3.49,1789.0,357.0,2017.0,194.0,dataset_2
BOK_283,Lead from the Front (Vol. 1),Dan Brown,Self-Help,Tamil,Ebook,3.88,169.0,400.0,1991.0,230.0,dataset_2
BOK_284,The Coconut Groves (Vol. 4),Aravind Adiga,Fiction,Telugu,Paperback,3.39,384.0,302.0,2003.0,732.0,dataset_2
BOK_285,Playing It My Way,Sandilyan,Biography,Tamil,Ebook,5.0,1172.0,504.0,1993.0,75.0,dataset_2
BOK_286,The Half Girlfriend Journey (Vol. 3),J.K. Rowling,Romance,Tamil,Ebook,3.75,1026.0,487.0,1995.0,162.0,dataset_2
BOK_287,False Identity (Vol. 1),Agatha Christie,Thriller,Kannada,Ebook,4.14,1254.0,384.0,2018.0,241.0,dataset_2
BOK_288,The Midnight Sun (Vol. 7),Sandilyan,Fiction,Kannada,Ebook,3.58,1109.0,449.0,1993.0,185.0,dataset_2
BOK_289,Zero to One Crore (Vol. 1),Chetan Bhagat,Business,Kannada,Audiobook,4.58,743.0,461.0,1994.0,138.0,dataset_2
BOK_290,Sultans of the South (Vol. 2),Vikram Seth,History,Telugu,Ebook,4.18,885.0,315.0,1994.0,246.0,dataset_2
BOK_291,The Calm Mind (Vol. 1),Dale Carnegie,Self-Help,Kannada,Ebook,3.92,883.0,562.0,1991.0,152.0,dataset_2
BOK_292,The Train to Malgudi (Vol. 3),Dan Brown,Fiction,Malayalam,Ebook,3.92,3870.0,367.0,2024.0,167.0,dataset_2
BOK_293,Wealth and Wisdom (Vol. 2),Sujatha Rangarajan,Self-Help,Kannada,Paperback,4.54,313.0,435.0,2001.0,203.0,dataset_2
BOK_294,Secrets of the Kaveri (Vol. 2),James Clear,Mystery,Hindi,Paperback,4.86,395.0,317.0,2003.0,306.0,dataset_2
BOK_295,The Mango Orchard (Vol. 3),Agatha Christie,Fiction,English,Paperback,4.075,314.0,392.0,1991.0,554.0,dataset_2
BOK_296,Terminal Vector (Vol. 2),Agatha Christie,Thriller,Kannada,Ebook,4.67,687.0,464.0,1997.0,91.0,dataset_2
BOK_297,The Last Letter (Vol. 6),Unknown Author,Fiction,Kannada,Ebook,4.83,711.0,459.0,2013.0,172.0,dataset_2
BOK_298,Secrets of the Kaveri (Vol. 3),James Clear,Mystery,Hindi,Ebook,4.53,2080.0,358.0,1994.0,161.0,dataset_2
BOK_299,The Golden Threshold (Vol. 3),Ken Follett,Fiction,Telugu,Paperback,4.12,623.0,307.0,2008.0,480.0,dataset_2
BOK_300,The Legend of Ramanujan (Vol. 2),Jeffrey Archer,Biography,Kannada,Paperback,4.43,166.0,433.0,2015.0,740.0,dataset_2
